{"train": 0, "mode": "test_0", "acc": 0.9079427719116211, "prec0": 0.9193689823150635, "prec1": 0.6285714507102966, "rec0": 0.9837449193000793, "rec1": 0.24175824224948883, "auroc": 0.8250758307025892, "auprc": 0.44276222094192685, "minpse": 0.44959128065395093}
{"train": 0, "mode": "test_50", "acc": 0.8649855256080627, "prec0": 0.8746244311332703, "prec1": 0.6232876777648926, "rec0": 0.9831132888793945, "rec1": 0.16545455157756805, "auroc": 0.7898060122254166, "auprc": 0.4247652560802676, "minpse": 0.4381818181818182}
{"train": 0, "mode": "test_100","acc": 0.8429049849510193, "prec0": 0.8472814559936523, "prec1": 0.7175572514533997, "rec0": 0.9884950518608093, "rec1": 0.14092953503131866, "auroc": 0.7632566645781586, "auprc": 0.45063071788436015, "minpse": 0.4482758620689655}
{"train": 30, "mode": "test_0","acc": 0.8896996974945068, "prec0": 0.9308968186378479, "prec1": 0.4527687430381775, "rec0": 0.9474835991859436, "rec1": 0.3818681240081787, "auroc": 0.8142182137962068, "auprc": 0.3844814815755575, "minpse": 0.41483516483516486}
{"train": 30, "mode": "test_50","acc": 0.8544785976409912, "prec0": 0.8934497833251953, "prec1": 0.49462366104125977, "rec0": 0.9422781467437744, "rec1": 0.33454546332359314, "auroc": 0.802637117257934, "auprc": 0.4236544347591142, "minpse": 0.4646098003629764}
{"train": 30, "mode": "test_100","acc": 0.844192624092102, "prec0": 0.8722555041313171, "prec1": 0.582446813583374, "rec0": 0.9511815905570984, "rec1": 0.32833582162857056, "auroc": 0.7989431123990244, "auprc": 0.5084221616168791, "minpse": 0.5104790419161677}
{"train": 50, "mode": "test_0","acc": 0.906258761882782, "prec0": 0.9254529476165771, "prec1": 0.5765306353569031, "rec0": 0.9740543961524963, "rec1": 0.3104395568370819, "auroc": 0.8180951980186115, "auprc": 0.38508234887781717, "minpse": 0.4301369863013699}
{"train": 50, "mode": "test_50", "acc": 0.8665615916252136, "prec0": 0.8810645937919617, "prec1": 0.6050000190734863, "rec0": 0.9757445454597473, "rec1": 0.2199999988079071, "auroc": 0.8162799006336005, "auprc": 0.43254586903997, "minpse": 0.463768115942029}
{"train": 50, "mode": "test_100","acc": 0.8452227711677551, "prec0": 0.8527110815048218, "prec1": 0.6875, "rec0": 0.9828979969024658, "rec1": 0.1814092993736267, "auroc": 0.809298708854528, "auprc": 0.5062725861259141, "minpse": 0.49775112443778113}
{"train": 100, "mode": "test_0", "acc": 0.8947516083717346, "prec0": 0.9307504296302795, "prec1": 0.480701744556427, "rec0": 0.9537355303764343, "rec1": 0.37637361884117126, "auroc": 0.8222100656455141, "auprc": 0.39816331850081077, "minpse": 0.43956043956043955}
{"train": 100, "mode": "test_50","acc": 0.8607827425003052, "prec0": 0.8926000595092773, "prec1": 0.529940128326416, "rec0": 0.9517961144447327, "rec1": 0.32181817293167114, "auroc": 0.8133597566081447, "auprc": 0.44289912103457213, "minpse": 0.4793536804308797}
{"train": 100, "mode": "test_100", "acc": 0.8488281965255737, "prec0": 0.870803952217102, "prec1": 0.61834317445755, "rec0": 0.9598880410194397, "rec1": 0.3133433163166046, "auroc": 0.7975475881462253, "auprc": 0.5067396507392689, "minpse": 0.5037481259370314}
