{"acc": 0.8665615916252136, "prec0": 0.8810645937919617, "prec1": 0.6050000190734863, "rec0": 0.9757445454597473, "rec1": 0.2199999988079071, "auroc": 0.8162799006336005, "auprc": 0.43254586903997, "minpse": 0.463768115942029}