{"acc": 0.9079427719116211, "prec0": 0.9193689823150635, "prec1": 0.6285714507102966, "rec0": 0.9837449193000793, "rec1": 0.24175824224948883, "auroc": 0.8250758307025892, "auprc": 0.44276222094192685, "minpse": 0.44959128065395093}