{"acc": 0.8607827425003052, "prec0": 0.8926000595092773, "prec1": 0.529940128326416, "rec0": 0.9517961144447327, "rec1": 0.32181817293167114, "auroc": 0.8133597566081447, "auprc": 0.44289912103457213, "minpse": 0.4793536804308797}