{"acc": 0.8488281965255737, "prec0": 0.870803952217102, "prec1": 0.61834317445755, "rec0": 0.9598880410194397, "rec1": 0.3133433163166046, "auroc": 0.7975475881462253, "auprc": 0.5067396507392689, "minpse": 0.5037481259370314}