{"acc": 0.8544785976409912, "prec0": 0.8934497833251953, "prec1": 0.49462366104125977, "rec0": 0.9422781467437744, "rec1": 0.33454546332359314, "auroc": 0.802637117257934, "auprc": 0.4236544347591142, "minpse": 0.4646098003629764}