{"acc": 0.8649855256080627, "prec0": 0.8746244311332703, "prec1": 0.6232876777648926, "rec0": 0.9831132888793945, "rec1": 0.16545455157756805, "auroc": 0.7898060122254166, "auprc": 0.4247652560802676, "minpse": 0.4381818181818182}