{"acc": 0.8429049849510193, "prec0": 0.8472814559936523, "prec1": 0.7175572514533997, "rec0": 0.9884950518608093, "rec1": 0.14092953503131866, "auroc": 0.7632566645781586, "auprc": 0.45063071788436015, "minpse": 0.4482758620689655}