{"acc": 0.844192624092102, "prec0": 0.8722555041313171, "prec1": 0.582446813583374, "rec0": 0.9511815905570984, "rec1": 0.32833582162857056, "auroc": 0.7989431123990244, "auprc": 0.5084221616168791, "minpse": 0.5104790419161677}