{"acc": 0.8947516083717346, "prec0": 0.9307504296302795, "prec1": 0.480701744556427, "rec0": 0.9537355303764343, "rec1": 0.37637361884117126, "auroc": 0.8222100656455141, "auprc": 0.39816331850081077, "minpse": 0.43956043956043955}