{"acc": 0.8896996974945068, "prec0": 0.9308968186378479, "prec1": 0.4527687430381775, "rec0": 0.9474835991859436, "rec1": 0.3818681240081787, "auroc": 0.8142182137962068, "auprc": 0.3844814815755575, "minpse": 0.41483516483516486}