{"acc": 0.906258761882782, "prec0": 0.9254529476165771, "prec1": 0.5765306353569031, "rec0": 0.9740543961524963, "rec1": 0.3104395568370819, "auroc": 0.8180951980186115, "auprc": 0.38508234887781717, "minpse": 0.4301369863013699}