{"acc": 0.8452227711677551, "prec0": 0.8527110815048218, "prec1": 0.6875, "rec0": 0.9828979969024658, "rec1": 0.1814092993736267, "auroc": 0.809298708854528, "auprc": 0.5062725861259141, "minpse": 0.49775112443778113}